p0;p1;p2;p3;p4;p5;p6
conn;C1_M1_ampa;connection_type;divergent;-;-;-
conn;C1_M1_ampa;delay_setup;constant;12.0;-;-
conn;C1_M1_ampa;delay_val;12.0;-;-;-
conn;C1_M1_ampa;fan_in;1;-;-;-
conn;C1_M1_ampa;lesion;False;-;-;-
conn;C1_M1_ampa;mask;[-0.5, 0.5];-;-;-
conn;C1_M1_ampa;rule;1-1;-;-;-
conn;C1_M1_ampa;sets;1;-;-;-
conn;C1_M1_ampa;syn;C1_M1_ampa;-;-;-
conn;C1_M1_ampa;weight_setup;constant;0.5;-;-
conn;C1_M1_ampa;weight_val;0.5;-;-;-
conn;C1_M1_nmda;connection_type;divergent;-;-;-
conn;C1_M1_nmda;delay_setup;constant;12.0;-;-
conn;C1_M1_nmda;delay_val;12.0;-;-;-
conn;C1_M1_nmda;fan_in;1;-;-;-
conn;C1_M1_nmda;lesion;False;-;-;-
conn;C1_M1_nmda;mask;[-0.5, 0.5];-;-;-
conn;C1_M1_nmda;rule;1-1;-;-;-
conn;C1_M1_nmda;sets;1;-;-;-
conn;C1_M1_nmda;syn;C1_M1_nmda;-;-;-
conn;C1_M1_nmda;weight_setup;constant;0.11;-;-
conn;C1_M1_nmda;weight_val;0.11;-;-;-
conn;C2_M2_ampa;connection_type;divergent;-;-;-
conn;C2_M2_ampa;delay_setup;constant;12.0;-;-
conn;C2_M2_ampa;delay_val;12.0;-;-;-
conn;C2_M2_ampa;fan_in;1;-;-;-
conn;C2_M2_ampa;lesion;False;-;-;-
conn;C2_M2_ampa;mask;[-0.5, 0.5];-;-;-
conn;C2_M2_ampa;rule;1-1;-;-;-
conn;C2_M2_ampa;sets;1;-;-;-
conn;C2_M2_ampa;syn;C2_M2_ampa;-;-;-
conn;C2_M2_ampa;weight_setup;constant;0.41;-;-
conn;C2_M2_ampa;weight_val;0.41;-;-;-
conn;C2_M2_nmda;connection_type;divergent;-;-;-
conn;C2_M2_nmda;delay_setup;constant;12.0;-;-
conn;C2_M2_nmda;delay_val;12.0;-;-;-
conn;C2_M2_nmda;fan_in;1;-;-;-
conn;C2_M2_nmda;lesion;False;-;-;-
conn;C2_M2_nmda;mask;[-0.5, 0.5];-;-;-
conn;C2_M2_nmda;rule;1-1;-;-;-
conn;C2_M2_nmda;sets;1;-;-;-
conn;C2_M2_nmda;syn;C2_M2_nmda;-;-;-
conn;C2_M2_nmda;weight_setup;constant;0.019;-;-
conn;C2_M2_nmda;weight_val;0.019;-;-;-
conn;CF_FS_ampa;connection_type;divergent;-;-;-
conn;CF_FS_ampa;delay_setup;constant;0.12;-;-
conn;CF_FS_ampa;delay_val;0.12;-;-;-
conn;CF_FS_ampa;fan_in;1;-;-;-
conn;CF_FS_ampa;lesion;False;-;-;-
conn;CF_FS_ampa;mask;[-0.5, 0.5];-;-;-
conn;CF_FS_ampa;rule;1-1;-;-;-
conn;CF_FS_ampa;sets;1;-;-;-
conn;CF_FS_ampa;syn;CF_FS_ampa;-;-;-
conn;CF_FS_ampa;weight_setup;constant;0.25;-;-
conn;CF_FS_ampa;weight_val;0.25;-;-;-
conn;CS_ST_ampa;connection_type;divergent;-;-;-
conn;CS_ST_ampa;delay_setup;constant;2.5;-;-
conn;CS_ST_ampa;delay_val;2.5;-;-;-
conn;CS_ST_ampa;fan_in;1;-;-;-
conn;CS_ST_ampa;lesion;False;-;-;-
conn;CS_ST_ampa;mask;[-0.5, 0.5];-;-;-
conn;CS_ST_ampa;rule;1-1;-;-;-
conn;CS_ST_ampa;sets;1;-;-;-
conn;CS_ST_ampa;syn;CS_ST_ampa;-;-;-
conn;CS_ST_ampa;weight_setup;constant;0.25;-;-
conn;CS_ST_ampa;weight_val;0.25;-;-;-
conn;CS_ST_nmda;connection_type;divergent;-;-;-
conn;CS_ST_nmda;delay_setup;constant;2.5;-;-
conn;CS_ST_nmda;delay_val;2.5;-;-;-
conn;CS_ST_nmda;fan_in;1;-;-;-
conn;CS_ST_nmda;lesion;False;-;-;-
conn;CS_ST_nmda;mask;[-0.5, 0.5];-;-;-
conn;CS_ST_nmda;rule;1-1;-;-;-
conn;CS_ST_nmda;sets;1;-;-;-
conn;CS_ST_nmda;syn;CS_ST_nmda;-;-;-
conn;CS_ST_nmda;weight_setup;constant;0.00625;-;-
conn;CS_ST_nmda;weight_val;0.00625;-;-;-
conn;EA_GA_ampa;connection_type;divergent;-;-;-
conn;EA_GA_ampa;delay_setup;constant;5.0;-;-
conn;EA_GA_ampa;delay_val;5.0;-;-;-
conn;EA_GA_ampa;fan_in;1;-;-;-
conn;EA_GA_ampa;lesion;False;-;-;-
conn;EA_GA_ampa;mask;[-0.5, 0.5];-;-;-
conn;EA_GA_ampa;rule;1-1;-;-;-
conn;EA_GA_ampa;sets;1;-;-;-
conn;EA_GA_ampa;syn;EA_GA_ampa;-;-;-
conn;EA_GA_ampa;weight_setup;constant;1.67;-;-
conn;EA_GA_ampa;weight_val;1.67;-;-;-
conn;EI_GI_ampa;connection_type;divergent;-;-;-
conn;EI_GI_ampa;delay_setup;constant;5.0;-;-
conn;EI_GI_ampa;delay_val;5.0;-;-;-
conn;EI_GI_ampa;fan_in;1;-;-;-
conn;EI_GI_ampa;lesion;False;-;-;-
conn;EI_GI_ampa;mask;[-0.5, 0.5];-;-;-
conn;EI_GI_ampa;rule;1-1;-;-;-
conn;EI_GI_ampa;sets;1;-;-;-
conn;EI_GI_ampa;syn;EI_GI_ampa;-;-;-
conn;EI_GI_ampa;weight_setup;constant;1.67;-;-
conn;EI_GI_ampa;weight_val;1.67;-;-;-
conn;ES_SN_ampa;connection_type;divergent;-;-;-
conn;ES_SN_ampa;delay_setup;constant;5.0;-;-
conn;ES_SN_ampa;delay_val;5.0;-;-;-
conn;ES_SN_ampa;fan_in;1;-;-;-
conn;ES_SN_ampa;lesion;False;-;-;-
conn;ES_SN_ampa;mask;[-0.5, 0.5];-;-;-
conn;ES_SN_ampa;rule;1-1;-;-;-
conn;ES_SN_ampa;sets;1;-;-;-
conn;ES_SN_ampa;syn;ES_SN_ampa;-;-;-
conn;ES_SN_ampa;weight_setup;constant;0.5;-;-
conn;ES_SN_ampa;weight_val;0.5;-;-;-
conn;FS_FS_gaba;connection_type;divergent;-;-;-
conn;FS_FS_gaba;delay_setup;uniform;max;2.55;-
conn;FS_FS_gaba;delay_setup;uniform;min;0.85;-
conn;FS_FS_gaba;delay_val;1.7;-;-;-
conn;FS_FS_gaba;fan_in;10;-;-;-
conn;FS_FS_gaba;lesion;False;-;-;-
conn;FS_FS_gaba;mask;[-0.029424127784783524, 0.029424127784783524];-;-;-
conn;FS_FS_gaba;rule;all;-;-;-
conn;FS_FS_gaba;sets;1;-;-;-
conn;FS_FS_gaba;syn;FS_FS_gaba;-;-;-
conn;FS_FS_gaba;weight_setup;uniform;max;1.5;-
conn;FS_FS_gaba;weight_setup;uniform;min;0.5;-
conn;FS_FS_gaba;weight_val;1.0;-;-;-
conn;FS_M1_gaba;connection_type;divergent;-;-;-
conn;FS_M1_gaba;delay_setup;uniform;max;2.55;-
conn;FS_M1_gaba;delay_setup;uniform;min;0.85;-
conn;FS_M1_gaba;delay_val;1.7;-;-;-
conn;FS_M1_gaba;fan_in;10;-;-;-
conn;FS_M1_gaba;lesion;False;-;-;-
conn;FS_M1_gaba;mask;[-0.029424127784783524, 0.029424127784783524];-;-;-
conn;FS_M1_gaba;rule;all;-;-;-
conn;FS_M1_gaba;sets;1;-;-;-
conn;FS_M1_gaba;syn;FS_M1_gaba;-;-;-
conn;FS_M1_gaba;weight_setup;uniform;max;9.0;-
conn;FS_M1_gaba;weight_setup;uniform;min;3.0;-
conn;FS_M1_gaba;weight_val;6.0;-;-;-
conn;FS_M2_gaba;beta_fan_in;0.8;-;-;-
conn;FS_M2_gaba;connection_type;divergent;-;-;-
conn;FS_M2_gaba;delay_setup;uniform;max;2.55;-
conn;FS_M2_gaba;delay_setup;uniform;min;0.85;-
conn;FS_M2_gaba;delay_val;1.7;-;-;-
conn;FS_M2_gaba;fan_in;10;-;-;-
conn;FS_M2_gaba;lesion;False;-;-;-
conn;FS_M2_gaba;mask;[-0.029424127784783524, 0.029424127784783524];-;-;-
conn;FS_M2_gaba;rule;all;-;-;-
conn;FS_M2_gaba;sets;1;-;-;-
conn;FS_M2_gaba;syn;FS_M2_gaba;-;-;-
conn;FS_M2_gaba;weight_setup;uniform;max;9.0;-
conn;FS_M2_gaba;weight_setup;uniform;min;3.0;-
conn;FS_M2_gaba;weight_val;6.0;-;-;-
conn;GA_FS_gaba;connection_type;divergent;-;-;-
conn;GA_FS_gaba;delay_setup;uniform;max;10.5;-
conn;GA_FS_gaba;delay_setup;uniform;min;3.5;-
conn;GA_FS_gaba;delay_val;7.0;-;-;-
conn;GA_FS_gaba;fan_in;10;-;-;-
conn;GA_FS_gaba;lesion;False;-;-;-
conn;GA_FS_gaba;mask;[-0.5, 0.5];-;-;-
conn;GA_FS_gaba;rule;all;-;-;-
conn;GA_FS_gaba;sets;1;-;-;-
conn;GA_FS_gaba;syn;GA_FS_gaba;-;-;-
conn;GA_FS_gaba;weight_setup;uniform;max;1.5;-
conn;GA_FS_gaba;weight_setup;uniform;min;0.5;-
conn;GA_FS_gaba;weight_val;1.0;-;-;-
conn;GA_GA_gaba;connection_type;divergent;-;-;-
conn;GA_GA_gaba;delay_setup;uniform;max;1.5;-
conn;GA_GA_gaba;delay_setup;uniform;min;0.5;-
conn;GA_GA_gaba;delay_val;1.0;-;-;-
conn;GA_GA_gaba;fan_in;2;-;-;-
conn;GA_GA_gaba;lesion;False;-;-;-
conn;GA_GA_gaba;mask;[-0.5, 0.5];-;-;-
conn;GA_GA_gaba;rule;all;-;-;-
conn;GA_GA_gaba;sets;1;-;-;-
conn;GA_GA_gaba;syn;GA_GA_gaba;-;-;-
conn;GA_GA_gaba;weight_setup;uniform;max;1.95;-
conn;GA_GA_gaba;weight_setup;uniform;min;0.65;-
conn;GA_GA_gaba;weight_val;1.3;-;-;-
conn;GA_GI_gaba;connection_type;divergent;-;-;-
conn;GA_GI_gaba;delay_setup;uniform;max;1.5;-
conn;GA_GI_gaba;delay_setup;uniform;min;0.5;-
conn;GA_GI_gaba;delay_val;1.0;-;-;-
conn;GA_GI_gaba;fan_in;2;-;-;-
conn;GA_GI_gaba;lesion;False;-;-;-
conn;GA_GI_gaba;mask;[-0.5, 0.5];-;-;-
conn;GA_GI_gaba;rule;all;-;-;-
conn;GA_GI_gaba;sets;1;-;-;-
conn;GA_GI_gaba;syn;GA_GI_gaba;-;-;-
conn;GA_GI_gaba;weight_setup;uniform;max;1.95;-
conn;GA_GI_gaba;weight_setup;uniform;min;0.65;-
conn;GA_GI_gaba;weight_val;1.3;-;-;-
conn;GA_M1_gaba;connection_type;divergent;-;-;-
conn;GA_M1_gaba;delay_setup;uniform;max;2.55;-
conn;GA_M1_gaba;delay_setup;uniform;min;0.85;-
conn;GA_M1_gaba;delay_val;1.7;-;-;-
conn;GA_M1_gaba;fan_in;10;-;-;-
conn;GA_M1_gaba;lesion;False;-;-;-
conn;GA_M1_gaba;mask;[-0.5, 0.5];-;-;-
conn;GA_M1_gaba;rule;all;-;-;-
conn;GA_M1_gaba;sets;1;-;-;-
conn;GA_M1_gaba;syn;GA_M1_gaba;-;-;-
conn;GA_M1_gaba;weight_setup;uniform;max;1.5;-
conn;GA_M1_gaba;weight_setup;uniform;min;0.5;-
conn;GA_M1_gaba;weight_val;1.0;-;-;-
conn;GA_M2_gaba;connection_type;divergent;-;-;-
conn;GA_M2_gaba;delay_setup;uniform;max;2.55;-
conn;GA_M2_gaba;delay_setup;uniform;min;0.85;-
conn;GA_M2_gaba;delay_val;1.7;-;-;-
conn;GA_M2_gaba;fan_in;10;-;-;-
conn;GA_M2_gaba;lesion;False;-;-;-
conn;GA_M2_gaba;mask;[-0.5, 0.5];-;-;-
conn;GA_M2_gaba;rule;all;-;-;-
conn;GA_M2_gaba;sets;1;-;-;-
conn;GA_M2_gaba;syn;GA_M2_gaba;-;-;-
conn;GA_M2_gaba;weight_setup;uniform;max;1.5;-
conn;GA_M2_gaba;weight_setup;uniform;min;0.5;-
conn;GA_M2_gaba;weight_val;1.0;-;-;-
conn;GI_GA_gaba;connection_type;divergent;-;-;-
conn;GI_GA_gaba;delay_setup;uniform;max;1.5;-
conn;GI_GA_gaba;delay_setup;uniform;min;0.5;-
conn;GI_GA_gaba;delay_val;1.0;-;-;-
conn;GI_GA_gaba;fan_in;28;-;-;-
conn;GI_GA_gaba;lesion;False;-;-;-
conn;GI_GA_gaba;mask;[-0.5, 0.5];-;-;-
conn;GI_GA_gaba;rule;all;-;-;-
conn;GI_GA_gaba;sets;1;-;-;-
conn;GI_GA_gaba;syn;GI_GA_gaba;-;-;-
conn;GI_GA_gaba;weight_setup;uniform;max;1.95;-
conn;GI_GA_gaba;weight_setup;uniform;min;0.65;-
conn;GI_GA_gaba;weight_val;1.3;-;-;-
conn;GI_GI_gaba;connection_type;divergent;-;-;-
conn;GI_GI_gaba;delay_setup;uniform;max;1.5;-
conn;GI_GI_gaba;delay_setup;uniform;min;0.5;-
conn;GI_GI_gaba;delay_val;1.0;-;-;-
conn;GI_GI_gaba;fan_in;28;-;-;-
conn;GI_GI_gaba;lesion;False;-;-;-
conn;GI_GI_gaba;mask;[-0.5, 0.5];-;-;-
conn;GI_GI_gaba;rule;all;-;-;-
conn;GI_GI_gaba;sets;1;-;-;-
conn;GI_GI_gaba;syn;GI_GI_gaba;-;-;-
conn;GI_GI_gaba;weight_setup;uniform;max;1.95;-
conn;GI_GI_gaba;weight_setup;uniform;min;0.65;-
conn;GI_GI_gaba;weight_val;1.3;-;-;-
conn;GI_SN_gaba;connection_type;divergent;-;-;-
conn;GI_SN_gaba;delay_setup;uniform;max;4.5;-
conn;GI_SN_gaba;delay_setup;uniform;min;1.5;-
conn;GI_SN_gaba;delay_val;3.0;-;-;-
conn;GI_SN_gaba;fan_in;32;-;-;-
conn;GI_SN_gaba;lesion;False;-;-;-
conn;GI_SN_gaba;mask;[-0.5, 0.5];-;-;-
conn;GI_SN_gaba;rule;all;-;-;-
conn;GI_SN_gaba;sets;1;-;-;-
conn;GI_SN_gaba;syn;GI_SN_gaba;-;-;-
conn;GI_SN_gaba;weight_setup;uniform;max;114.0;-
conn;GI_SN_gaba;weight_setup;uniform;min;38.0;-
conn;GI_SN_gaba;weight_val;76.0;-;-;-
conn;GI_ST_gaba;connection_type;divergent;-;-;-
conn;GI_ST_gaba;delay_setup;uniform;max;7.5;-
conn;GI_ST_gaba;delay_setup;uniform;min;2.5;-
conn;GI_ST_gaba;delay_val;5.0;-;-;-
conn;GI_ST_gaba;fan_in;30;-;-;-
conn;GI_ST_gaba;lesion;False;-;-;-
conn;GI_ST_gaba;mask;[-0.5, 0.5];-;-;-
conn;GI_ST_gaba;rule;all;-;-;-
conn;GI_ST_gaba;sets;1;-;-;-
conn;GI_ST_gaba;syn;GI_ST_gaba;-;-;-
conn;GI_ST_gaba;weight_setup;uniform;max;0.12;-
conn;GI_ST_gaba;weight_setup;uniform;min;0.04;-
conn;GI_ST_gaba;weight_val;0.08;-;-;-
conn;M1_M1_gaba;connection_type;divergent;-;-;-
conn;M1_M1_gaba;delay_setup;uniform;max;2.55;-
conn;M1_M1_gaba;delay_setup;uniform;min;0.85;-
conn;M1_M1_gaba;delay_val;1.7;-;-;-
conn;M1_M1_gaba;fan_in;140;-;-;-
conn;M1_M1_gaba;lesion;False;-;-;-
conn;M1_M1_gaba;mask;[-0.1471206389239176, 0.1471206389239176];-;-;-
conn;M1_M1_gaba;rule;set-not_set;-;-;-
conn;M1_M1_gaba;sets;1;-;-;-
conn;M1_M1_gaba;syn;M1_M1_gaba;-;-;-
conn;M1_M1_gaba;weight_setup;uniform;max;0.3;-
conn;M1_M1_gaba;weight_setup;uniform;min;0.1;-
conn;M1_M1_gaba;weight_val;0.2;-;-;-
conn;M1_M2_gaba;connection_type;divergent;-;-;-
conn;M1_M2_gaba;delay_setup;uniform;max;2.55;-
conn;M1_M2_gaba;delay_setup;uniform;min;0.85;-
conn;M1_M2_gaba;delay_val;1.7;-;-;-
conn;M1_M2_gaba;fan_in;140;-;-;-
conn;M1_M2_gaba;lesion;False;-;-;-
conn;M1_M2_gaba;mask;[-0.1471206389239176, 0.1471206389239176];-;-;-
conn;M1_M2_gaba;rule;set-not_set;-;-;-
conn;M1_M2_gaba;sets;1;-;-;-
conn;M1_M2_gaba;syn;M1_M2_gaba;-;-;-
conn;M1_M2_gaba;weight_setup;uniform;max;0.3;-
conn;M1_M2_gaba;weight_setup;uniform;min;0.1;-
conn;M1_M2_gaba;weight_val;0.2;-;-;-
conn;M1_SN_gaba;connection_type;divergent;-;-;-
conn;M1_SN_gaba;delay_setup;uniform;max;10.95;-
conn;M1_SN_gaba;delay_setup;uniform;min;3.65;-
conn;M1_SN_gaba;delay_val;7.3;-;-;-
conn;M1_SN_gaba;fan_in;500;-;-;-
conn;M1_SN_gaba;lesion;False;-;-;-
conn;M1_SN_gaba;mask;[-0.5, 0.5];-;-;-
conn;M1_SN_gaba;rule;set-set;-;-;-
conn;M1_SN_gaba;sets;1;-;-;-
conn;M1_SN_gaba;syn;M1_SN_gaba;-;-;-
conn;M1_SN_gaba;weight_setup;uniform;max;3.0;-
conn;M1_SN_gaba;weight_setup;uniform;min;1.0;-
conn;M1_SN_gaba;weight_val;2.0;-;-;-
conn;M2_GI_gaba;connection_type;divergent;-;-;-
conn;M2_GI_gaba;delay_setup;uniform;max;10.5;-
conn;M2_GI_gaba;delay_setup;uniform;min;3.5;-
conn;M2_GI_gaba;delay_val;7.0;-;-;-
conn;M2_GI_gaba;fan_in;500;-;-;-
conn;M2_GI_gaba;lesion;False;-;-;-
conn;M2_GI_gaba;mask;[-0.5, 0.5];-;-;-
conn;M2_GI_gaba;rule;set-set;-;-;-
conn;M2_GI_gaba;sets;1;-;-;-
conn;M2_GI_gaba;syn;M2_GI_gaba;-;-;-
conn;M2_GI_gaba;weight_setup;uniform;max;3.0;-
conn;M2_GI_gaba;weight_setup;uniform;min;1.0;-
conn;M2_GI_gaba;weight_val;2.0;-;-;-
conn;M2_M1_gaba;connection_type;divergent;-;-;-
conn;M2_M1_gaba;delay_setup;uniform;max;2.55;-
conn;M2_M1_gaba;delay_setup;uniform;min;0.85;-
conn;M2_M1_gaba;delay_val;1.7;-;-;-
conn;M2_M1_gaba;fan_in;140;-;-;-
conn;M2_M1_gaba;lesion;False;-;-;-
conn;M2_M1_gaba;mask;[-0.1471206389239176, 0.1471206389239176];-;-;-
conn;M2_M1_gaba;rule;set-not_set;-;-;-
conn;M2_M1_gaba;sets;1;-;-;-
conn;M2_M1_gaba;syn;M2_M1_gaba;-;-;-
conn;M2_M1_gaba;weight_setup;uniform;max;0.3;-
conn;M2_M1_gaba;weight_setup;uniform;min;0.1;-
conn;M2_M1_gaba;weight_val;0.2;-;-;-
conn;M2_M2_gaba;connection_type;divergent;-;-;-
conn;M2_M2_gaba;delay_setup;uniform;max;2.55;-
conn;M2_M2_gaba;delay_setup;uniform;min;0.85;-
conn;M2_M2_gaba;delay_val;1.7;-;-;-
conn;M2_M2_gaba;fan_in;140;-;-;-
conn;M2_M2_gaba;lesion;False;-;-;-
conn;M2_M2_gaba;mask;[-0.1471206389239176, 0.1471206389239176];-;-;-
conn;M2_M2_gaba;rule;set-not_set;-;-;-
conn;M2_M2_gaba;sets;1;-;-;-
conn;M2_M2_gaba;syn;M2_M2_gaba;-;-;-
conn;M2_M2_gaba;weight_setup;uniform;max;0.3;-
conn;M2_M2_gaba;weight_setup;uniform;min;0.1;-
conn;M2_M2_gaba;weight_val;0.2;-;-;-
conn;ST_GA_ampa;connection_type;divergent;-;-;-
conn;ST_GA_ampa;delay_setup;uniform;max;7.5;-
conn;ST_GA_ampa;delay_setup;uniform;min;2.5;-
conn;ST_GA_ampa;delay_val;5.0;-;-;-
conn;ST_GA_ampa;fan_in;30;-;-;-
conn;ST_GA_ampa;lesion;False;-;-;-
conn;ST_GA_ampa;mask;[-0.5, 0.5];-;-;-
conn;ST_GA_ampa;rule;all;-;-;-
conn;ST_GA_ampa;sets;1;-;-;-
conn;ST_GA_ampa;syn;ST_GA_ampa;-;-;-
conn;ST_GA_ampa;weight_setup;uniform;max;0.525;-
conn;ST_GA_ampa;weight_setup;uniform;min;0.175;-
conn;ST_GA_ampa;weight_val;0.35;-;-;-
conn;ST_GI_ampa;connection_type;divergent;-;-;-
conn;ST_GI_ampa;delay_setup;uniform;max;7.5;-
conn;ST_GI_ampa;delay_setup;uniform;min;2.5;-
conn;ST_GI_ampa;delay_val;5.0;-;-;-
conn;ST_GI_ampa;fan_in;30;-;-;-
conn;ST_GI_ampa;lesion;False;-;-;-
conn;ST_GI_ampa;mask;[-0.5, 0.5];-;-;-
conn;ST_GI_ampa;rule;all;-;-;-
conn;ST_GI_ampa;sets;1;-;-;-
conn;ST_GI_ampa;syn;ST_GI_ampa;-;-;-
conn;ST_GI_ampa;weight_setup;uniform;max;0.525;-
conn;ST_GI_ampa;weight_setup;uniform;min;0.175;-
conn;ST_GI_ampa;weight_val;0.35;-;-;-
conn;ST_SN_ampa;connection_type;divergent;-;-;-
conn;ST_SN_ampa;delay_setup;uniform;max;6.9;-
conn;ST_SN_ampa;delay_setup;uniform;min;2.3;-
conn;ST_SN_ampa;delay_val;4.6;-;-;-
conn;ST_SN_ampa;fan_in;30;-;-;-
conn;ST_SN_ampa;lesion;False;-;-;-
conn;ST_SN_ampa;mask;[-0.5, 0.5];-;-;-
conn;ST_SN_ampa;rule;all;-;-;-
conn;ST_SN_ampa;sets;1;-;-;-
conn;ST_SN_ampa;syn;ST_SN_ampa;-;-;-
conn;ST_SN_ampa;weight_setup;uniform;max;5.187;-
conn;ST_SN_ampa;weight_setup;uniform;min;1.729;-
conn;ST_SN_ampa;weight_val;3.458;-;-;-
nest;C1;rate;0.0;-;-;-
nest;C1;template;poisson_generator;-;-;-
nest;C1_M1_ampa;delay;12.0;-;-;-
nest;C1_M1_ampa;receptor_type;1;-;-;-
nest;C1_M1_ampa;template;static_synapse;-;-;-
nest;C1_M1_ampa;weight;0.5;-;-;-
nest;C1_M1_nmda;delay;12.0;-;-;-
nest;C1_M1_nmda;receptor_type;2;-;-;-
nest;C1_M1_nmda;template;static_synapse;-;-;-
nest;C1_M1_nmda;weight;0.11;-;-;-
nest;C2;rate;0.0;-;-;-
nest;C2;template;poisson_generator;-;-;-
nest;C2_M2_ampa;delay;12.0;-;-;-
nest;C2_M2_ampa;receptor_type;1;-;-;-
nest;C2_M2_ampa;template;static_synapse;-;-;-
nest;C2_M2_ampa;weight;0.41;-;-;-
nest;C2_M2_nmda;delay;12.0;-;-;-
nest;C2_M2_nmda;receptor_type;2;-;-;-
nest;C2_M2_nmda;template;static_synapse;-;-;-
nest;C2_M2_nmda;weight;0.019;-;-;-
nest;CF;rate;0.0;-;-;-
nest;CF;template;poisson_generator;-;-;-
nest;CF_FS_ampa;delay;0.12;-;-;-
nest;CF_FS_ampa;receptor_type;1;-;-;-
nest;CF_FS_ampa;template;static_synapse;-;-;-
nest;CF_FS_ampa;weight;0.25;-;-;-
nest;CS;rate;0.0;-;-;-
nest;CS;template;poisson_generator;-;-;-
nest;CS_ST_ampa;delay;2.5;-;-;-
nest;CS_ST_ampa;receptor_type;1;-;-;-
nest;CS_ST_ampa;template;static_synapse;-;-;-
nest;CS_ST_ampa;weight;0.25;-;-;-
nest;CS_ST_nmda;delay;2.5;-;-;-
nest;CS_ST_nmda;receptor_type;2;-;-;-
nest;CS_ST_nmda;template;static_synapse;-;-;-
nest;CS_ST_nmda;weight;0.00625;-;-;-
nest;EA;rate;0.0;-;-;-
nest;EA;template;poisson_generator;-;-;-
nest;EA_GA_ampa;delay;5.0;-;-;-
nest;EA_GA_ampa;receptor_type;5;-;-;-
nest;EA_GA_ampa;template;static_synapse;-;-;-
nest;EA_GA_ampa;weight;1.67;-;-;-
nest;EI;rate;0.0;-;-;-
nest;EI;template;poisson_generator;-;-;-
nest;EI_GI_ampa;delay;5.0;-;-;-
nest;EI_GI_ampa;receptor_type;5;-;-;-
nest;EI_GI_ampa;template;static_synapse;-;-;-
nest;EI_GI_ampa;weight;1.67;-;-;-
nest;ES;rate;0.0;-;-;-
nest;ES;template;poisson_generator;-;-;-
nest;ES_SN_ampa;delay;5.0;-;-;-
nest;ES_SN_ampa;receptor_type;5;-;-;-
nest;ES_SN_ampa;template;static_synapse;-;-;-
nest;ES_SN_ampa;weight;0.5;-;-;-
nest;FS;AMPA_1_E_rev;0.0;-;-;-
nest;FS;AMPA_1_Tau_decay;12.0;-;-;-
nest;FS;C_m;80.0;-;-;-
nest;FS;E_L;-70.0;-;-;-
nest;FS;GABAA_1_E_rev;-74.0;-;-;-
nest;FS;GABAA_1_Tau_decay;6;-;-;-
nest;FS;GABAA_2_E_rev;-74.0;-;-;-
nest;FS;GABAA_2_Tau_decay;6.0;-;-;-
nest;FS;V_b;-55.0;-;-;-
nest;FS;V_peak;25.0;-;-;-
nest;FS;V_th;-50.0;-;-;-
nest;FS;a;0.2;-;-;-
nest;FS;b_1;0.0;-;-;-
nest;FS;b_2;0.025;-;-;-
nest;FS;beta_E_L;0.078;-;-;-
nest;FS;beta_I_GABAA_1;0.8;-;-;-
nest;FS;beta_I_GABAA_2;0.8;-;-;-
nest;FS;c;-60.0;-;-;-
nest;FS;d;0.0;-;-;-
nest;FS;k;1.0;-;-;-
nest;FS;p_1;1.0;-;-;-
nest;FS;p_2;3.0;-;-;-
nest;FS;tata_dop;-0.8;-;-;-
nest;FS;template;izhik_cond_exp;-;-;-
nest;FS_FS_gaba;U;0.29;-;-;-
nest;FS_FS_gaba;delay;1.7;-;-;-
nest;FS_FS_gaba;receptor_type;3;-;-;-
nest;FS_FS_gaba;tau_fac;53.0;-;-;-
nest;FS_FS_gaba;tau_psc;6;-;-;-
nest;FS_FS_gaba;tau_rec;902.0;-;-;-
nest;FS_FS_gaba;template;tsodyks_synapse;-;-;-
nest;FS_FS_gaba;weight;1.0;-;-;-
nest;FS_M1_gaba;U;0.29;-;-;-
nest;FS_M1_gaba;delay;1.7;-;-;-
nest;FS_M1_gaba;receptor_type;3;-;-;-
nest;FS_M1_gaba;tau_fac;53.0;-;-;-
nest;FS_M1_gaba;tau_psc;8.0;-;-;-
nest;FS_M1_gaba;tau_rec;902.0;-;-;-
nest;FS_M1_gaba;template;static_synapse;-;-;-
nest;FS_M1_gaba;weight;6.0;-;-;-
nest;FS_M2_gaba;U;0.29;-;-;-
nest;FS_M2_gaba;delay;1.7;-;-;-
nest;FS_M2_gaba;receptor_type;3;-;-;-
nest;FS_M2_gaba;tau_fac;53.0;-;-;-
nest;FS_M2_gaba;tau_psc;8.0;-;-;-
nest;FS_M2_gaba;tau_rec;902.0;-;-;-
nest;FS_M2_gaba;template;static_synapse;-;-;-
nest;FS_M2_gaba;weight;6.0;-;-;-
nest;FS_high;AMPA_1_E_rev;0.0;-;-;-
nest;FS_high;AMPA_1_Tau_decay;12.0;-;-;-
nest;FS_high;C_m;80.0;-;-;-
nest;FS_high;E_L;-70.0;-;-;-
nest;FS_high;GABAA_1_E_rev;-64.0;-;-;-
nest;FS_high;GABAA_1_Tau_decay;6;-;-;-
nest;FS_high;GABAA_2_E_rev;-74.0;-;-;-
nest;FS_high;GABAA_2_Tau_decay;6.0;-;-;-
nest;FS_high;GABAA_3_E_rev;-64.0;-;-;-
nest;FS_high;V_b;-55.0;-;-;-
nest;FS_high;V_peak;25.0;-;-;-
nest;FS_high;V_th;-50.0;-;-;-
nest;FS_high;a;0.2;-;-;-
nest;FS_high;b_1;0.0;-;-;-
nest;FS_high;b_2;0.025;-;-;-
nest;FS_high;beta_E_L;0.078;-;-;-
nest;FS_high;beta_I_GABAA_1;0.8;-;-;-
nest;FS_high;beta_I_GABAA_2;0.8;-;-;-
nest;FS_high;c;-60.0;-;-;-
nest;FS_high;d;0.0;-;-;-
nest;FS_high;k;1.0;-;-;-
nest;FS_high;p_1;1.0;-;-;-
nest;FS_high;p_2;3.0;-;-;-
nest;FS_high;tata_dop;-0.8;-;-;-
nest;FS_high;template;izhik_cond_exp;-;-;-
nest;FS_low;AMPA_1_E_rev;0.0;-;-;-
nest;FS_low;AMPA_1_Tau_decay;12.0;-;-;-
nest;FS_low;C_m;80.0;-;-;-
nest;FS_low;E_L;-70.0;-;-;-
nest;FS_low;GABAA_1_E_rev;-74.0;-;-;-
nest;FS_low;GABAA_1_Tau_decay;6;-;-;-
nest;FS_low;GABAA_2_E_rev;-74.0;-;-;-
nest;FS_low;GABAA_2_Tau_decay;6.0;-;-;-
nest;FS_low;V_b;-55.0;-;-;-
nest;FS_low;V_peak;25.0;-;-;-
nest;FS_low;V_th;-50.0;-;-;-
nest;FS_low;a;0.2;-;-;-
nest;FS_low;b_1;0.0;-;-;-
nest;FS_low;b_2;0.025;-;-;-
nest;FS_low;beta_E_L;0.078;-;-;-
nest;FS_low;beta_I_GABAA_1;0.8;-;-;-
nest;FS_low;beta_I_GABAA_2;0.8;-;-;-
nest;FS_low;c;-60.0;-;-;-
nest;FS_low;d;0.0;-;-;-
nest;FS_low;k;1.0;-;-;-
nest;FS_low;p_1;1.0;-;-;-
nest;FS_low;p_2;3.0;-;-;-
nest;FS_low;tata_dop;-0.8;-;-;-
nest;FS_low;template;izhik_cond_exp;-;-;-
nest;GA;AMPA_1_E_rev;0.0;-;-;-
nest;GA;AMPA_1_Tau_decay;12.0;-;-;-
nest;GA;AMPA_2_E_rev;0.0;-;-;-
nest;GA;AMPA_2_Tau_decay;5.0;-;-;-
nest;GA;C_m;40.0;-;-;-
nest;GA;Delta_T;1.7;-;-;-
nest;GA;E_L;-55.1;-;-;-
nest;GA;GABAA_1_Tau_decay;6.0;-;-;-
nest;GA;GABAA_2_E_rev;-65.0;-;-;-
nest;GA;GABAA_2_Tau_gaba;5.0;-;-;-
nest;GA;I_e;0.0;-;-;-
nest;GA;NMDA_1_E_rev;0.0;-;-;-
nest;GA;NMDA_1_Sact;(16.0,);-;-;-
nest;GA;NMDA_1_Tau_decay;100.0;-;-;-
nest;GA;NMDA_1_Vact;(-20.0,);-;-;-
nest;GA;V_a;-55.1;-;-;-
nest;GA;V_peak;15.0;-;-;-
nest;GA;V_reset;-60.0;-;-;-
nest;GA;V_th;-54.7;-;-;-
nest;GA;a;2.5;-;-;-
nest;GA;b;70.0;-;-;-
nest;GA;beta_E_L;0.181;-;-;-
nest;GA;beta_I_AMPA_1;0.4;-;-;-
nest;GA;beta_I_GABAA_2;0.8;-;-;-
nest;GA;beta_V_a;0.181;-;-;-
nest;GA;g_L;1.0;-;-;-
nest;GA;tata_dop;-0.8;-;-;-
nest;GA;tau_w;20.0;-;-;-
nest;GA;template;my_aeif_cond_exp;-;-;-
nest;GA_FS_gaba;delay;7.0;-;-;-
nest;GA_FS_gaba;receptor_type;4;-;-;-
nest;GA_FS_gaba;template;static_synapse;-;-;-
nest;GA_FS_gaba;weight;1.0;-;-;-
nest;GA_GA_gaba;delay;1.0;-;-;-
nest;GA_GA_gaba;receptor_type;4;-;-;-
nest;GA_GA_gaba;template;static_synapse;-;-;-
nest;GA_GA_gaba;weight;1.3;-;-;-
nest;GA_GI_gaba;delay;1.0;-;-;-
nest;GA_GI_gaba;receptor_type;4;-;-;-
nest;GA_GI_gaba;template;static_synapse;-;-;-
nest;GA_GI_gaba;weight;1.3;-;-;-
nest;GA_M1_gaba;delay;1.7;-;-;-
nest;GA_M1_gaba;receptor_type;5;-;-;-
nest;GA_M1_gaba;template;static_synapse;-;-;-
nest;GA_M1_gaba;weight;1.0;-;-;-
nest;GA_M2_gaba;delay;1.7;-;-;-
nest;GA_M2_gaba;receptor_type;5;-;-;-
nest;GA_M2_gaba;template;static_synapse;-;-;-
nest;GA_M2_gaba;weight;1.0;-;-;-
nest;GI;AMPA_1_E_rev;0.0;-;-;-
nest;GI;AMPA_1_Tau_decay;12.0;-;-;-
nest;GI;AMPA_2_E_rev;0.0;-;-;-
nest;GI;AMPA_2_Tau_decay;5.0;-;-;-
nest;GI;C_m;40.0;-;-;-
nest;GI;Delta_T;1.7;-;-;-
nest;GI;E_L;-55.1;-;-;-
nest;GI;GABAA_1_E_rev;-65.0;-;-;-
nest;GI;GABAA_1_Tau_decay;6.0;-;-;-
nest;GI;GABAA_2_E_rev;-65.0;-;-;-
nest;GI;GABAA_2_Tau_gaba;5.0;-;-;-
nest;GI;I_e;0.0;-;-;-
nest;GI;NMDA_1_E_rev;0.0;-;-;-
nest;GI;NMDA_1_Sact;(16.0,);-;-;-
nest;GI;NMDA_1_Tau_decay;100.0;-;-;-
nest;GI;NMDA_1_Vact;(-20.0,);-;-;-
nest;GI;V_a;-55.1;-;-;-
nest;GI;V_peak;15.0;-;-;-
nest;GI;V_reset;-60.0;-;-;-
nest;GI;V_th;-54.7;-;-;-
nest;GI;a;2.5;-;-;-
nest;GI;b;70.0;-;-;-
nest;GI;beta_E_L;0.181;-;-;-
nest;GI;beta_I_AMPA_1;0.4;-;-;-
nest;GI;beta_I_GABAA_2;0.8;-;-;-
nest;GI;beta_V_a;0.181;-;-;-
nest;GI;g_L;1.0;-;-;-
nest;GI;tata_dop;-0.8;-;-;-
nest;GI;tau_w;20.0;-;-;-
nest;GI;template;my_aeif_cond_exp;-;-;-
nest;GI_GA_gaba;delay;1.0;-;-;-
nest;GI_GA_gaba;receptor_type;4;-;-;-
nest;GI_GA_gaba;template;static_synapse;-;-;-
nest;GI_GA_gaba;weight;1.3;-;-;-
nest;GI_GI_gaba;delay;1.0;-;-;-
nest;GI_GI_gaba;receptor_type;4;-;-;-
nest;GI_GI_gaba;template;static_synapse;-;-;-
nest;GI_GI_gaba;weight;1.3;-;-;-
nest;GI_SN_gaba;U;(0.196,);-;-;-
nest;GI_SN_gaba;delay;3.0;-;-;-
nest;GI_SN_gaba;receptor_type;4;-;-;-
nest;GI_SN_gaba;tau_fac;(0.0,);-;-;-
nest;GI_SN_gaba;tau_psc;2.1;-;-;-
nest;GI_SN_gaba;tau_rec;(969.0,);-;-;-
nest;GI_SN_gaba;template;tsodyks_synapse;-;-;-
nest;GI_SN_gaba;weight;76.0;-;-;-
nest;GI_ST_gaba;delay;5.0;-;-;-
nest;GI_ST_gaba;receptor_type;3;-;-;-
nest;GI_ST_gaba;template;static_synapse;-;-;-
nest;GI_ST_gaba;weight;0.08;-;-;-
nest;M1;AMPA_1_E_rev;0.0;-;-;-
nest;M1;AMPA_1_Tau_decay;12.0;-;-;-
nest;M1;C_m;15.2;-;-;-
nest;M1;E_L;-81.85;-;-;-
nest;M1;GABAA_1_E_rev;-74.0;-;-;-
nest;M1;GABAA_1_Tau_decay;12.0;-;-;-
nest;M1;GABAA_2_E_rev;-74.0;-;-;-
nest;M1;GABAA_2_Tau_decay;8.0;-;-;-
nest;M1;GABAA_3_E_rev;-74.0;-;-;-
nest;M1;GABAA_3_Tau_decay;8.0;-;-;-
nest;M1;NMDA_1_E_rev;0.0;-;-;-
nest;M1;NMDA_1_Sact;(16.0,);-;-;-
nest;M1;NMDA_1_Tau_decay;160.0;-;-;-
nest;M1;NMDA_1_Vact;(-20.0,);-;-;-
nest;M1;V_b;-81.85;-;-;-
nest;M1;V_m;80.0;-;-;-
nest;M1;V_peak;40.0;-;-;-
nest;M1;V_th;-29.7;-;-;-
nest;M1;a;0.01;-;-;-
nest;M1;b_1;-20.0;-;-;-
nest;M1;b_2;-20.0;-;-;-
nest;M1;beta_E_L;-0.0282;-;-;-
nest;M1;beta_I_NMDA_1;-1.04;-;-;-
nest;M1;beta_d;0.45;-;-;-
nest;M1;c;-55.0;-;-;-
nest;M1;d;66.9;-;-;-
nest;M1;k;1.0;-;-;-
nest;M1;tata_dop;-0.8;-;-;-
nest;M1;template;izhik_cond_exp;-;-;-
nest;M1_M1_gaba;delay;1.7;-;-;-
nest;M1_M1_gaba;receptor_type;4;-;-;-
nest;M1_M1_gaba;template;static_synapse;-;-;-
nest;M1_M1_gaba;weight;0.2;-;-;-
nest;M1_M2_gaba;delay;1.7;-;-;-
nest;M1_M2_gaba;receptor_type;4;-;-;-
nest;M1_M2_gaba;template;static_synapse;-;-;-
nest;M1_M2_gaba;weight;0.2;-;-;-
nest;M1_SN_gaba;U;0.0192;-;-;-
nest;M1_SN_gaba;delay;7.3;-;-;-
nest;M1_SN_gaba;receptor_type;3;-;-;-
nest;M1_SN_gaba;tau_fac;623.0;-;-;-
nest;M1_SN_gaba;tau_psc;5.2;-;-;-
nest;M1_SN_gaba;tau_rec;559.0;-;-;-
nest;M1_SN_gaba;template;tsodyks_synapse;-;-;-
nest;M1_SN_gaba;weight;2.0;-;-;-
nest;M1_high;AMPA_1_E_rev;0.0;-;-;-
nest;M1_high;AMPA_1_Tau_decay;12.0;-;-;-
nest;M1_high;C_m;15.2;-;-;-
nest;M1_high;E_L;-81.85;-;-;-
nest;M1_high;GABAA_1_E_rev;-64.0;-;-;-
nest;M1_high;GABAA_1_Tau_decay;12.0;-;-;-
nest;M1_high;GABAA_2_E_rev;-74.0;-;-;-
nest;M1_high;GABAA_2_Tau_decay;8.0;-;-;-
nest;M1_high;GABAA_3_E_rev;-64.0;-;-;-
nest;M1_high;GABAA_3_Tau_decay;8.0;-;-;-
nest;M1_high;NMDA_1_E_rev;0.0;-;-;-
nest;M1_high;NMDA_1_Sact;(16.0,);-;-;-
nest;M1_high;NMDA_1_Tau_decay;160.0;-;-;-
nest;M1_high;NMDA_1_Vact;(-20.0,);-;-;-
nest;M1_high;V_b;-81.85;-;-;-
nest;M1_high;V_m;80.0;-;-;-
nest;M1_high;V_peak;40.0;-;-;-
nest;M1_high;V_th;-29.7;-;-;-
nest;M1_high;a;0.01;-;-;-
nest;M1_high;b_1;-20.0;-;-;-
nest;M1_high;b_2;-20.0;-;-;-
nest;M1_high;beta_E_L;-0.0282;-;-;-
nest;M1_high;beta_I_NMDA_1;-1.04;-;-;-
nest;M1_high;beta_d;0.45;-;-;-
nest;M1_high;c;-55.0;-;-;-
nest;M1_high;d;66.9;-;-;-
nest;M1_high;k;1.0;-;-;-
nest;M1_high;tata_dop;-0.8;-;-;-
nest;M1_high;template;izhik_cond_exp;-;-;-
nest;M1_low;AMPA_1_E_rev;0.0;-;-;-
nest;M1_low;AMPA_1_Tau_decay;12.0;-;-;-
nest;M1_low;C_m;15.2;-;-;-
nest;M1_low;E_L;-81.85;-;-;-
nest;M1_low;GABAA_1_E_rev;-74.0;-;-;-
nest;M1_low;GABAA_1_Tau_decay;12.0;-;-;-
nest;M1_low;GABAA_2_E_rev;-74.0;-;-;-
nest;M1_low;GABAA_2_Tau_decay;8.0;-;-;-
nest;M1_low;GABAA_3_E_rev;-74.0;-;-;-
nest;M1_low;GABAA_3_Tau_decay;8.0;-;-;-
nest;M1_low;NMDA_1_E_rev;0.0;-;-;-
nest;M1_low;NMDA_1_Sact;(16.0,);-;-;-
nest;M1_low;NMDA_1_Tau_decay;160.0;-;-;-
nest;M1_low;NMDA_1_Vact;(-20.0,);-;-;-
nest;M1_low;V_b;-81.85;-;-;-
nest;M1_low;V_m;80.0;-;-;-
nest;M1_low;V_peak;40.0;-;-;-
nest;M1_low;V_th;-29.7;-;-;-
nest;M1_low;a;0.01;-;-;-
nest;M1_low;b_1;-20.0;-;-;-
nest;M1_low;b_2;-20.0;-;-;-
nest;M1_low;beta_E_L;-0.0282;-;-;-
nest;M1_low;beta_I_NMDA_1;-1.04;-;-;-
nest;M1_low;beta_d;0.45;-;-;-
nest;M1_low;c;-55.0;-;-;-
nest;M1_low;d;66.9;-;-;-
nest;M1_low;k;1.0;-;-;-
nest;M1_low;tata_dop;-0.8;-;-;-
nest;M1_low;template;izhik_cond_exp;-;-;-
nest;M2;AMPA_1_E_rev;0.0;-;-;-
nest;M2;AMPA_1_Tau_decay;12.0;-;-;-
nest;M2;C_m;15.2;-;-;-
nest;M2;E_L;-80.0;-;-;-
nest;M2;GABAA_1_E_rev;-74.0;-;-;-
nest;M2;GABAA_1_Tau_decay;12.0;-;-;-
nest;M2;GABAA_2_E_rev;-74.0;-;-;-
nest;M2;GABAA_2_Tau_decay;8.0;-;-;-
nest;M2;GABAA_3_E_rev;-74.0;-;-;-
nest;M2;GABAA_3_Tau_decay;8.0;-;-;-
nest;M2;NMDA_1_E_rev;0.0;-;-;-
nest;M2;NMDA_1_Sact;(16.0,);-;-;-
nest;M2;NMDA_1_Tau_decay;160.0;-;-;-
nest;M2;NMDA_1_Vact;(-20.0,);-;-;-
nest;M2;V_b;-80.0;-;-;-
nest;M2;V_m;80.0;-;-;-
nest;M2;V_peak;40.0;-;-;-
nest;M2;V_th;-29.7;-;-;-
nest;M2;a;0.01;-;-;-
nest;M2;b_1;-20.0;-;-;-
nest;M2;b_2;-20.0;-;-;-
nest;M2;beta_E_L;-0.0282;-;-;-
nest;M2;beta_I_AMPA_1;0.2;-;-;-
nest;M2;beta_I_NMDA_1;0;-;-;-
nest;M2;beta_d;0.45;-;-;-
nest;M2;c;-55.0;-;-;-
nest;M2;d;91.0;-;-;-
nest;M2;k;1.0;-;-;-
nest;M2;tata_dop;-0.8;-;-;-
nest;M2;template;izhik_cond_exp;-;-;-
nest;M2_GI_gaba;U;(0.24,);-;-;-
nest;M2_GI_gaba;delay;7.0;-;-;-
nest;M2_GI_gaba;receptor_type;3;-;-;-
nest;M2_GI_gaba;tau_fac;(13.0,);-;-;-
nest;M2_GI_gaba;tau_psc;6.0;-;-;-
nest;M2_GI_gaba;tau_rec;(77.0,);-;-;-
nest;M2_GI_gaba;template;tsodyks_synapse;-;-;-
nest;M2_GI_gaba;weight;2.0;-;-;-
nest;M2_M1_gaba;delay;1.7;-;-;-
nest;M2_M1_gaba;receptor_type;4;-;-;-
nest;M2_M1_gaba;template;static_synapse;-;-;-
nest;M2_M1_gaba;weight;0.2;-;-;-
nest;M2_M2_gaba;delay;1.7;-;-;-
nest;M2_M2_gaba;receptor_type;4;-;-;-
nest;M2_M2_gaba;template;static_synapse;-;-;-
nest;M2_M2_gaba;weight;0.2;-;-;-
nest;M2_high;AMPA_1_E_rev;0.0;-;-;-
nest;M2_high;AMPA_1_Tau_decay;12.0;-;-;-
nest;M2_high;C_m;15.2;-;-;-
nest;M2_high;E_L;-80.0;-;-;-
nest;M2_high;GABAA_1_E_rev;-64.0;-;-;-
nest;M2_high;GABAA_1_Tau_decay;12.0;-;-;-
nest;M2_high;GABAA_2_E_rev;-74.0;-;-;-
nest;M2_high;GABAA_2_Tau_decay;8.0;-;-;-
nest;M2_high;GABAA_3_E_rev;-64.0;-;-;-
nest;M2_high;GABAA_3_Tau_decay;8.0;-;-;-
nest;M2_high;NMDA_1_E_rev;0.0;-;-;-
nest;M2_high;NMDA_1_Sact;(16.0,);-;-;-
nest;M2_high;NMDA_1_Tau_decay;160.0;-;-;-
nest;M2_high;NMDA_1_Vact;(-20.0,);-;-;-
nest;M2_high;V_b;-80.0;-;-;-
nest;M2_high;V_m;80.0;-;-;-
nest;M2_high;V_peak;40.0;-;-;-
nest;M2_high;V_th;-29.7;-;-;-
nest;M2_high;a;0.01;-;-;-
nest;M2_high;b_1;-20.0;-;-;-
nest;M2_high;b_2;-20.0;-;-;-
nest;M2_high;beta_E_L;-0.0282;-;-;-
nest;M2_high;beta_I_AMPA_1;0.2;-;-;-
nest;M2_high;beta_I_NMDA_1;0;-;-;-
nest;M2_high;beta_d;0.45;-;-;-
nest;M2_high;c;-55.0;-;-;-
nest;M2_high;d;91.0;-;-;-
nest;M2_high;k;1.0;-;-;-
nest;M2_high;tata_dop;-0.8;-;-;-
nest;M2_high;template;izhik_cond_exp;-;-;-
nest;M2_low;AMPA_1_E_rev;0.0;-;-;-
nest;M2_low;AMPA_1_Tau_decay;12.0;-;-;-
nest;M2_low;C_m;15.2;-;-;-
nest;M2_low;E_L;-80.0;-;-;-
nest;M2_low;GABAA_1_E_rev;-74.0;-;-;-
nest;M2_low;GABAA_1_Tau_decay;12.0;-;-;-
nest;M2_low;GABAA_2_E_rev;-74.0;-;-;-
nest;M2_low;GABAA_2_Tau_decay;8.0;-;-;-
nest;M2_low;GABAA_3_E_rev;-74.0;-;-;-
nest;M2_low;GABAA_3_Tau_decay;8.0;-;-;-
nest;M2_low;NMDA_1_E_rev;0.0;-;-;-
nest;M2_low;NMDA_1_Sact;(16.0,);-;-;-
nest;M2_low;NMDA_1_Tau_decay;160.0;-;-;-
nest;M2_low;NMDA_1_Vact;(-20.0,);-;-;-
nest;M2_low;V_b;-80.0;-;-;-
nest;M2_low;V_m;80.0;-;-;-
nest;M2_low;V_peak;40.0;-;-;-
nest;M2_low;V_th;-29.7;-;-;-
nest;M2_low;a;0.01;-;-;-
nest;M2_low;b_1;-20.0;-;-;-
nest;M2_low;b_2;-20.0;-;-;-
nest;M2_low;beta_E_L;-0.0282;-;-;-
nest;M2_low;beta_I_AMPA_1;0.2;-;-;-
nest;M2_low;beta_I_NMDA_1;0;-;-;-
nest;M2_low;beta_d;0.45;-;-;-
nest;M2_low;c;-55.0;-;-;-
nest;M2_low;d;91.0;-;-;-
nest;M2_low;k;1.0;-;-;-
nest;M2_low;tata_dop;-0.8;-;-;-
nest;M2_low;template;izhik_cond_exp;-;-;-
nest;SN;AMPA_1_E_rev;0.0;-;-;-
nest;SN;AMPA_1_Tau_decay;12.0;-;-;-
nest;SN;AMPA_2_E_rev;0.0;-;-;-
nest;SN;AMPA_2_Tau_decay;5.0;-;-;-
nest;SN;C_m;80.0;-;-;-
nest;SN;Delta_T;1.8;-;-;-
nest;SN;E_L;-55.8;-;-;-
nest;SN;GABAA_1_E_rev;-80.0;-;-;-
nest;SN;GABAA_1_Tau_decay;5.2;-;-;-
nest;SN;GABAA_2_E_rev;-72.0;-;-;-
nest;SN;GABAA_2_Tau_decay;2.1;-;-;-
nest;SN;I_e;15.0;-;-;-
nest;SN;V_b;-55.8;-;-;-
nest;SN;V_peak;20.0;-;-;-
nest;SN;V_reset;-65.0;-;-;-
nest;SN;V_th;-55.2;-;-;-
nest;SN;a;3.0;-;-;-
nest;SN;b;200.0;-;-;-
nest;SN;beta_E_L;0.0896;-;-;-
nest;SN;beta_V_a;0.0896;-;-;-
nest;SN;g_L;3.0;-;-;-
nest;SN;tau_w;20.0;-;-;-
nest;SN;template;my_aeif_cond_exp;-;-;-
nest;ST;AMPA_1_E_rev;0.0;-;-;-
nest;ST;AMPA_1_Tau_decay;4.0;-;-;-
nest;ST;C_m;60.0;-;-;-
nest;ST;Delta_T;16.2;-;-;-
nest;ST;E_L;-80.2;-;-;-
nest;ST;GABAA_1_E_rev;-84.0;-;-;-
nest;ST;GABAA_1_Tau_decay;8.0;-;-;-
nest;ST;I_e;6.0;-;-;-
nest;ST;NMDA_1_E_rev;0.0;-;-;-
nest;ST;NMDA_1_Sact;(16.0,);-;-;-
nest;ST;NMDA_1_Tau_decay;160.0;-;-;-
nest;ST;NMDA_1_Vact;(-20.0,);-;-;-
nest;ST;V_a;-70.0;-;-;-
nest;ST;V_peak;15.0;-;-;-
nest;ST;V_reset;-70.0;-;-;-
nest;ST;V_reset_max_slope1;-60.0;-;-;-
nest;ST;V_reset_max_slope2;-70.0;-;-;-
nest;ST;V_reset_slope1;-10.0;-;-;-
nest;ST;V_reset_slope2;0.0;-;-;-
nest;ST;V_th;-64.0;-;-;-
nest;ST;a_1;0.3;-;-;-
nest;ST;a_2;0.0;-;-;-
nest;ST;b;0.05;-;-;-
nest;ST;beta_I_AMPA_1;0.4;-;-;-
nest;ST;beta_I_GABAA_1;0.4;-;-;-
nest;ST;beta_I_NMDA_1;0.4;-;-;-
nest;ST;g_L;10.0;-;-;-
nest;ST;tata_dop;-0.8;-;-;-
nest;ST;tau_w;333.0;-;-;-
nest;ST;template;my_aeif_cond_exp;-;-;-
nest;ST_GA_ampa;delay;5.0;-;-;-
nest;ST_GA_ampa;receptor_type;1;-;-;-
nest;ST_GA_ampa;template;static_synapse;-;-;-
nest;ST_GA_ampa;weight;0.35;-;-;-
nest;ST_GI_ampa;delay;5.0;-;-;-
nest;ST_GI_ampa;receptor_type;1;-;-;-
nest;ST_GI_ampa;template;static_synapse;-;-;-
nest;ST_GI_ampa;weight;0.35;-;-;-
nest;ST_SN_ampa;U;(0.35,);-;-;-
nest;ST_SN_ampa;delay;4.6;-;-;-
nest;ST_SN_ampa;receptor_type;1;-;-;-
nest;ST_SN_ampa;tau_fac;(0.0,);-;-;-
nest;ST_SN_ampa;tau_psc;12.0;-;-;-
nest;ST_SN_ampa;tau_rec;(800.0,);-;-;-
nest;ST_SN_ampa;template;tsodyks_synapse;-;-;-
nest;ST_SN_ampa;weight;3.458;-;-;-
netw;prop_GPE_A;0.2;-;-;-;-
netw;prop_fan_in_GPE_A;0.0588235294118;-;-;-;-
netw;size;10000.0;-;-;-;-
netw;target_rate_GPE_A;27.1;-;-;-;-
netw;tata_dop0;0.8;-;-;-;-
netw;tata_dop;0;-;-;-;-
node;C1;edge_wrap;True;-;-;-
node;C1;extent;[-0.5, 0.5];-;-;-
node;C1;lesion;False;-;-;-
node;C1;model;C2;-;-;-
node;C1;n;4758;-;-;-
node;C1;rate;690.0;-;-;-
node;C1;type;input;-;-;-
node;CF;edge_wrap;True;-;-;-
node;CF;extent;[-0.5, 0.5];-;-;-
node;CF;lesion;False;-;-;-
node;CF;model;CF;-;-;-
node;CF;n;190;-;-;-
node;CF;rate;1010.0;-;-;-
node;CF;type;input;-;-;-
node;CS;edge_wrap;True;-;-;-
node;CS;extent;[-0.5, 0.5];-;-;-
node;CS;lesion;False;-;-;-
node;CS;model;CS;-;-;-
node;CS;n;46;-;-;-
node;CS;rate;160.0;-;-;-
node;CS;type;input;-;-;-
node;EA;edge_wrap;True;-;-;-
node;EA;extent;[-0.5, 0.5];-;-;-
node;EA;lesion;False;-;-;-
node;EA;model;EA;-;-;-
node;EA;n;31;-;-;-
node;EA;rate;1130.0;-;-;-
node;EA;type;input;-;-;-
node;EI;edge_wrap;True;-;-;-
node;EI;extent;[-0.5, 0.5];-;-;-
node;EI;lesion;False;-;-;-
node;EI;model;EI;-;-;-
node;EI;n;125;-;-;-
node;EI;rate;1130.0;-;-;-
node;EI;type;input;-;-;-
node;ES;edge_wrap;True;-;-;-
node;ES;extent;[-0.5, 0.5];-;-;-
node;ES;lesion;False;-;-;-
node;ES;model;ES;-;-;-
node;ES;n;89;-;-;-
node;ES;rate;1800.0;-;-;-
node;ES;type;input;-;-;-
node;FS;I_vitro;0.0;-;-;-
node;FS;I_vivo;0.0;-;-;-
node;FS;edge_wrap;True;-;-;-
node;FS;extent;[-0.5, 0.5];-;-;-
node;FS;lesion;False;-;-;-
node;FS;model;FS_low;-;-;-
node;FS;n;190;-;-;-
node;FS;prop;0.0190339146031;-;-;-
node;FS;randomization;C_m;gaussian;my;80.0
node;FS;randomization;C_m;gaussian;sigma;8.0
node;FS;randomization;V_m;uniform;max;-50.0
node;FS;randomization;V_m;uniform;min;-70.0
node;FS;randomization;V_th;gaussian;my;-50.0
node;FS;randomization;V_th;gaussian;sigma;1.0
node;FS;target_rate;20.0;-;-;-
node;FS;type;network;-;-;-
node;GA;I_vitro;5.0;-;-;-
node;GA;I_vivo;-3.6;-;-;-
node;GA;edge_wrap;True;-;-;-
node;GA;extent;[-0.5, 0.5];-;-;-
node;GA;lesion;False;-;-;-
node;GA;model;GA;-;-;-
node;GA;n;31;-;-;-
node;GA;prop;0.00313435584077;-;-;-
node;GA;randomization;C_m;gaussian;my;40.0
node;GA;randomization;C_m;gaussian;sigma;4.0
node;GA;randomization;V_m;uniform;max;-54.7
node;GA;randomization;V_m;uniform;min;-74.7
node;GA;randomization;V_th;gaussian;my;-54.7
node;GA;randomization;V_th;gaussian;sigma;1.0
node;GA;target_rate;27.1;-;-;-
node;GA;target_rate_in_vitro;4.0;-;-;-
node;GA;type;network;-;-;-
node;GI;I_vitro;5.0;-;-;-
node;GI;I_vivo;4.5;-;-;-
node;GI;edge_wrap;True;-;-;-
node;GI;extent;[-0.5, 0.5];-;-;-
node;GI;lesion;False;-;-;-
node;GI;model;GI;-;-;-
node;GI;n;125;-;-;-
node;GI;prop;0.0125374233631;-;-;-
node;GI;randomization;C_m;gaussian;my;40.0
node;GI;randomization;C_m;gaussian;sigma;4.0
node;GI;randomization;V_m;uniform;max;-54.7
node;GI;randomization;V_m;uniform;min;-74.7
node;GI;randomization;V_th;gaussian;my;-54.7
node;GI;randomization;V_th;gaussian;sigma;1.0
node;GI;target_rate;30.725;-;-;-
node;GI;target_rate_in_vitro;15.0;-;-;-
node;GI;type;network;-;-;-
node;M1;I_vitro;0.0;-;-;-
node;M1;I_vivo;0.0;-;-;-
node;M1;edge_wrap;True;-;-;-
node;M1;extent;[-0.5, 0.5];-;-;-
node;M1;lesion;False;-;-;-
node;M1;model;M1_low;-;-;-
node;M1;n;4758;-;-;-
node;M1;prop;0.475847865078;-;-;-
node;M1;randomization;C_m;gaussian;my;15.2
node;M1;randomization;C_m;gaussian;sigma;1.52
node;M1;randomization;V_m;uniform;max;-29.7
node;M1;randomization;V_m;uniform;min;-49.7
node;M1;randomization;V_th;gaussian;my;-29.7
node;M1;randomization;V_th;gaussian;sigma;1.0
node;M1;target_rate;0.1;-;-;-
node;M1;type;network;-;-;-
node;M2;I_vitro;0.0;-;-;-
node;M2;I_vivo;0.0;-;-;-
node;M2;edge_wrap;True;-;-;-
node;M2;extent;[-0.5, 0.5];-;-;-
node;M2;lesion;False;-;-;-
node;M2;model;M2_low;-;-;-
node;M2;n;4758;-;-;-
node;M2;prop;0.475847865078;-;-;-
node;M2;randomization;C_m;gaussian;my;15.2
node;M2;randomization;C_m;gaussian;sigma;1.52
node;M2;randomization;V_m;uniform;max;-29.7
node;M2;randomization;V_m;uniform;min;-49.7
node;M2;randomization;V_th;gaussian;my;-29.7
node;M2;randomization;V_th;gaussian;sigma;1.0
node;M2;target_rate;0.1;-;-;-
node;M2;type;network;-;-;-
node;SN;I_vitro;15.0;-;-;-
node;SN;I_vivo;19.2;-;-;-
node;SN;edge_wrap;True;-;-;-
node;SN;extent;[-0.5, 0.5];-;-;-
node;SN;lesion;False;-;-;-
node;SN;model;SN;-;-;-
node;SN;n;89;-;-;-
node;SN;prop;0.00897478739438;-;-;-
node;SN;randomization;C_m;gaussian;my;80.0
node;SN;randomization;C_m;gaussian;sigma;8.0
node;SN;randomization;V_m;uniform;max;-55.2
node;SN;randomization;V_m;uniform;min;-75.2
node;SN;randomization;V_th;gaussian;my;-55.2
node;SN;randomization;V_th;gaussian;sigma;1.0
node;SN;target_rate;30.0;-;-;-
node;SN;target_rate_in_vitro;15.0;-;-;-
node;SN;type;network;-;-;-
node;ST;I_vitro;6.0;-;-;-
node;ST;I_vivo;6.0;-;-;-
node;ST;edge_wrap;True;-;-;-
node;ST;extent;[-0.5, 0.5];-;-;-
node;ST;lesion;False;-;-;-
node;ST;model;ST;-;-;-
node;ST;n;46;-;-;-
node;ST;prop;0.00462378864239;-;-;-
node;ST;randomization;C_m;gaussian;my;60.0
node;ST;randomization;C_m;gaussian;sigma;6.0
node;ST;randomization;V_m;uniform;max;-64.0
node;ST;randomization;V_m;uniform;min;-84.0
node;ST;randomization;V_th;gaussian;my;-64.0
node;ST;randomization;V_th;gaussian;sigma;1.0
node;ST;target_rate;10.0;-;-;-
node;ST;target_rate_in_vitro;10.0;-;-;-
node;ST;type;network;-;-;-